<?xml version="1.0" encoding="UTF-8"?>
<orders>                                           
  <order customer="00401254" date="2017-11-01">    
   <line article="DG7784" quantity="42.75" um="MT" duedate="2018-01-31"/>
   <line article="SW9114" quantity="100.00" um="MT" />  
      <delivery>
         <line quantity="60.00" duedate="2018-02-01" />
         <line quantity="40.00" duedate="2018-03-15" />
      </delivery>
   <line article="EC304"  quantity="140.00" um="MT" duedate="2018-02-15"/> 
  </order>                                          
  <order customer="00410078" date="2017-11-14">     
   <line article="AB4784" quantity="30.00" um="MT" duedate="2018-03-31"/>  
   <line article="EC304" quantity="15.00" um="YD" duedate="2018-02-01"/>   
  </order>                                        
</orders>       
